-- UnitOfMeasure (25)
INSERT INTO public."UnitOfMeasure"("UoMID","Name","Abbrev") VALUES ('e5a2d270-cec8-5cbe-9fb5-20e9c7a28e15','Unit01','U01');
INSERT INTO public."UnitOfMeasure"("UoMID","Name","Abbrev") VALUES ('247b9de1-fb91-5a94-bb8e-1e56bcc0e7c7','Unit02','U02');
INSERT INTO public."UnitOfMeasure"("UoMID","Name","Abbrev") VALUES ('f7c717d6-9cea-5859-a02b-089240696d4a','Unit03','U03');
INSERT INTO public."UnitOfMeasure"("UoMID","Name","Abbrev") VALUES ('6512d29e-6ffe-5d06-83f8-c22e5b28cc8c','Unit04','U04');
INSERT INTO public."UnitOfMeasure"("UoMID","Name","Abbrev") VALUES ('73b61002-066b-5acb-bc2a-3702203989b9','Unit05','U05');
INSERT INTO public."UnitOfMeasure"("UoMID","Name","Abbrev") VALUES ('ca77e688-0507-5048-bb33-ab8ba5cd9941','Unit06','U06');
INSERT INTO public."UnitOfMeasure"("UoMID","Name","Abbrev") VALUES ('e606a5fc-6156-5464-b506-c052a7c0f999','Unit07','U07');
INSERT INTO public."UnitOfMeasure"("UoMID","Name","Abbrev") VALUES ('d989c3a4-e878-51b2-9fe0-e528cabed20b','Unit08','U08');
INSERT INTO public."UnitOfMeasure"("UoMID","Name","Abbrev") VALUES ('1917700c-517a-5a1b-a367-9666fb629eb4','Unit09','U09');
INSERT INTO public."UnitOfMeasure"("UoMID","Name","Abbrev") VALUES ('204e1052-0c0c-5889-838e-cac5e1ea106c','Unit10','U10');
INSERT INTO public."UnitOfMeasure"("UoMID","Name","Abbrev") VALUES ('6844a8d7-c9bf-5069-a858-10798dfa7407','Unit11','U11');
INSERT INTO public."UnitOfMeasure"("UoMID","Name","Abbrev") VALUES ('05634855-adb7-5d05-bf65-276df6bcb36f','Unit12','U12');
INSERT INTO public."UnitOfMeasure"("UoMID","Name","Abbrev") VALUES ('e92e88d5-e86b-5452-bea8-757ea28d934d','Unit13','U13');
INSERT INTO public."UnitOfMeasure"("UoMID","Name","Abbrev") VALUES ('9ffb8205-7200-5c40-a431-73c9a3d692d4','Unit14','U14');
INSERT INTO public."UnitOfMeasure"("UoMID","Name","Abbrev") VALUES ('14cd6a55-d724-57a7-9cfe-509d67771655','Unit15','U15');
INSERT INTO public."UnitOfMeasure"("UoMID","Name","Abbrev") VALUES ('e5d3f1fd-e431-5f44-8389-4cf3c4809e0d','Unit16','U16');
INSERT INTO public."UnitOfMeasure"("UoMID","Name","Abbrev") VALUES ('5c523eb9-15e4-52fc-9a90-2f96780481c5','Unit17','U17');
INSERT INTO public."UnitOfMeasure"("UoMID","Name","Abbrev") VALUES ('08702994-c5b8-5849-a161-833667107c8f','Unit18','U18');
INSERT INTO public."UnitOfMeasure"("UoMID","Name","Abbrev") VALUES ('f806ea4a-5502-5c03-afa1-39770e70c8ee','Unit19','U19');
INSERT INTO public."UnitOfMeasure"("UoMID","Name","Abbrev") VALUES ('247af630-9412-598b-9832-e4a9e04593f0','Unit20','U20');
INSERT INTO public."UnitOfMeasure"("UoMID","Name","Abbrev") VALUES ('137f73cb-f460-5f13-afc2-bfa3b188675d','Unit21','U21');
INSERT INTO public."UnitOfMeasure"("UoMID","Name","Abbrev") VALUES ('0bff969c-4479-5e57-b8f6-d49c94169353','Unit22','U22');
INSERT INTO public."UnitOfMeasure"("UoMID","Name","Abbrev") VALUES ('b782e923-6106-5fbb-b125-b49612bf2640','Unit23','U23');
INSERT INTO public."UnitOfMeasure"("UoMID","Name","Abbrev") VALUES ('dabd2b83-f597-5616-9e13-5c5c08e3cd53','Unit24','U24');
INSERT INTO public."UnitOfMeasure"("UoMID","Name","Abbrev") VALUES ('4b17bd4f-748d-50c0-a82e-41a8cafe0f74','Unit25','U25');

-- InventoryCategory (25)
INSERT INTO public."InventoryCategory"("CategoryID","Name") VALUES ('bb341ce1-b9e9-54a5-99e1-8cd867a11aaf','Category 01');
INSERT INTO public."InventoryCategory"("CategoryID","Name") VALUES ('ad49cf65-8613-512d-b96b-aa55b7a4c48e','Category 02');
INSERT INTO public."InventoryCategory"("CategoryID","Name") VALUES ('375d8752-2f84-5583-b24d-5d385d40ee13','Category 03');
INSERT INTO public."InventoryCategory"("CategoryID","Name") VALUES ('3a252d74-68d6-5bce-937f-74ab71a59361','Category 04');
INSERT INTO public."InventoryCategory"("CategoryID","Name") VALUES ('2ed459e2-b38f-5f63-92cb-54bf00d4bd92','Category 05');
INSERT INTO public."InventoryCategory"("CategoryID","Name") VALUES ('a2c8e1ef-7479-5624-8127-b4b4996fbce2','Category 06');
INSERT INTO public."InventoryCategory"("CategoryID","Name") VALUES ('6016739a-100b-5a10-9cd7-70a1107a8a9e','Category 07');
INSERT INTO public."InventoryCategory"("CategoryID","Name") VALUES ('c2aeeaa4-dc71-5baf-8faa-604d4895194f','Category 08');
INSERT INTO public."InventoryCategory"("CategoryID","Name") VALUES ('1fec1489-1383-54f9-a6e9-719d95c14e37','Category 09');
INSERT INTO public."InventoryCategory"("CategoryID","Name") VALUES ('01de3df1-5b20-5d14-90d0-6ffb83e631cd','Category 10');
INSERT INTO public."InventoryCategory"("CategoryID","Name") VALUES ('d703cee3-4d47-52d5-9d3a-00d83132a72c','Category 11');
INSERT INTO public."InventoryCategory"("CategoryID","Name") VALUES ('b8eef4b6-cd05-5d44-ac9d-29a8a2d8e9d9','Category 12');
INSERT INTO public."InventoryCategory"("CategoryID","Name") VALUES ('70c44110-adc2-5714-a040-6f2b0b773cbf','Category 13');
INSERT INTO public."InventoryCategory"("CategoryID","Name") VALUES ('e241db48-8133-532f-ac15-f4bc1b9afd5e','Category 14');
INSERT INTO public."InventoryCategory"("CategoryID","Name") VALUES ('fdcaaaa9-bb68-59f3-b2cb-b7836ce949f6','Category 15');
INSERT INTO public."InventoryCategory"("CategoryID","Name") VALUES ('73e4828c-8365-573c-8854-2cae265f4e73','Category 16');
INSERT INTO public."InventoryCategory"("CategoryID","Name") VALUES ('c477a01c-fcd8-5fe8-be88-ecfb0f8c4d84','Category 17');
INSERT INTO public."InventoryCategory"("CategoryID","Name") VALUES ('b3739b8d-bd9b-5505-9407-2bde92fd354d','Category 18');
INSERT INTO public."InventoryCategory"("CategoryID","Name") VALUES ('1412f2ea-0106-50f5-81a5-4c2ba8718bd0','Category 19');
INSERT INTO public."InventoryCategory"("CategoryID","Name") VALUES ('4ed47824-5ac2-57d6-a77b-843ba6430d4a','Category 20');
INSERT INTO public."InventoryCategory"("CategoryID","Name") VALUES ('4204e399-ac80-5eaa-8172-a62916e1cbdd','Category 21');
INSERT INTO public."InventoryCategory"("CategoryID","Name") VALUES ('05c258ea-81eb-5231-95c9-c83342b2699c','Category 22');
INSERT INTO public."InventoryCategory"("CategoryID","Name") VALUES ('fcdb0ea9-6b79-5668-9802-aef4ecbff64c','Category 23');
INSERT INTO public."InventoryCategory"("CategoryID","Name") VALUES ('a381dfa1-e1a4-5f15-8581-de637226fd61','Category 24');
INSERT INTO public."InventoryCategory"("CategoryID","Name") VALUES ('ee941de4-f4ec-57a3-801c-32ee896bb517','Category 25');

-- User (25)
INSERT INTO public."User"("UserID","Username","PasswordHash","Role","FirstName","LastName","Email","Phone","IsActive","CreatedAt","UpdatedAt") VALUES ('d35a2a2a-d1d1-55ed-90a7-348c3da59deb','user01','$2b$12$hashvalueexample','Admin','User01','Staff','user01@example.org','(401) 501-1001',TRUE,'2026-01-02 09:00:00','2026-01-31 09:00:00');
INSERT INTO public."User"("UserID","Username","PasswordHash","Role","FirstName","LastName","Email","Phone","IsActive","CreatedAt","UpdatedAt") VALUES ('1e5f1a27-4c4e-5b84-b4dd-5227b40c755d','user02','$2b$12$hashvalueexample','Caseworker','User02','Staff','user02@example.org','(402) 502-1002',TRUE,'2026-01-03 09:00:00','2026-01-25 09:00:00');
INSERT INTO public."User"("UserID","Username","PasswordHash","Role","FirstName","LastName","Email","Phone","IsActive","CreatedAt","UpdatedAt") VALUES ('8e366a8d-6e18-50fd-98d9-2efd6d246b24','user03','$2b$12$hashvalueexample','InventoryMgr','User03','Staff','user03@example.org','(403) 503-1003',TRUE,'2026-01-04 09:00:00','2026-01-19 09:00:00');
INSERT INTO public."User"("UserID","Username","PasswordHash","Role","FirstName","LastName","Email","Phone","IsActive","CreatedAt","UpdatedAt") VALUES ('dbc080c1-f33d-5a36-8bd2-68fb0d20f0db','user04','$2b$12$hashvalueexample','VolunteerMgr','User04','Staff','user04@example.org','(404) 504-1004',TRUE,'2026-01-05 09:00:00','2026-01-23 09:00:00');
INSERT INTO public."User"("UserID","Username","PasswordHash","Role","FirstName","LastName","Email","Phone","IsActive","CreatedAt","UpdatedAt") VALUES ('01235d01-f261-55ab-b63d-d2a10cad9e11','user05','$2b$12$hashvalueexample','DevOfficer','User05','Staff','user05@example.org','(405) 505-1005',TRUE,'2026-01-06 09:00:00','2026-01-07 09:00:00');
INSERT INTO public."User"("UserID","Username","PasswordHash","Role","FirstName","LastName","Email","Phone","IsActive","CreatedAt","UpdatedAt") VALUES ('5d7e3982-b4cf-5ca6-9734-744833b910a3','user06','$2b$12$hashvalueexample','Admin','User06','Staff','user06@example.org','(406) 506-1006',TRUE,'2026-01-07 09:00:00','2026-01-17 09:00:00');
INSERT INTO public."User"("UserID","Username","PasswordHash","Role","FirstName","LastName","Email","Phone","IsActive","CreatedAt","UpdatedAt") VALUES ('933a1a70-8683-5fea-8b3c-02459adb5f31','user07','$2b$12$hashvalueexample','Caseworker','User07','Staff','user07@example.org','(407) 507-1007',TRUE,'2026-01-08 09:00:00','2026-01-24 09:00:00');
INSERT INTO public."User"("UserID","Username","PasswordHash","Role","FirstName","LastName","Email","Phone","IsActive","CreatedAt","UpdatedAt") VALUES ('52388865-df5d-5f46-8df6-034d113e9391','user08','$2b$12$hashvalueexample','InventoryMgr','User08','Staff','user08@example.org','(408) 508-1008',TRUE,'2026-01-09 09:00:00','2026-01-25 09:00:00');
INSERT INTO public."User"("UserID","Username","PasswordHash","Role","FirstName","LastName","Email","Phone","IsActive","CreatedAt","UpdatedAt") VALUES ('a710b314-b7cc-51d3-97ed-52f7aedba4c0','user09','$2b$12$hashvalueexample','VolunteerMgr','User09','Staff','user09@example.org','(409) 509-1009',TRUE,'2026-01-10 09:00:00','2026-01-11 09:00:00');
INSERT INTO public."User"("UserID","Username","PasswordHash","Role","FirstName","LastName","Email","Phone","IsActive","CreatedAt","UpdatedAt") VALUES ('3ee066f5-64b0-5b81-b4fc-d8f8ede23ed0','user10','$2b$12$hashvalueexample','DevOfficer','User10','Staff','user10@example.org','(410) 510-1010',TRUE,'2026-01-11 09:00:00','2026-01-18 09:00:00');
INSERT INTO public."User"("UserID","Username","PasswordHash","Role","FirstName","LastName","Email","Phone","IsActive","CreatedAt","UpdatedAt") VALUES ('271814b9-df4f-5305-9347-898e83e672dc','user11','$2b$12$hashvalueexample','Admin','User11','Staff','user11@example.org','(411) 511-1011',TRUE,'2026-01-12 09:00:00','2026-02-11 09:00:00');
INSERT INTO public."User"("UserID","Username","PasswordHash","Role","FirstName","LastName","Email","Phone","IsActive","CreatedAt","UpdatedAt") VALUES ('4025932a-8150-5165-bec3-726ec0f47e30','user12','$2b$12$hashvalueexample','Caseworker','User12','Staff','user12@example.org','(412) 512-1012',TRUE,'2026-01-13 09:00:00','2026-01-17 09:00:00');
INSERT INTO public."User"("UserID","Username","PasswordHash","Role","FirstName","LastName","Email","Phone","IsActive","CreatedAt","UpdatedAt") VALUES ('39ee98d1-7b3e-5a28-ba39-01ed2143fe0c','user13','$2b$12$hashvalueexample','InventoryMgr','User13','Staff','user13@example.org','(413) 513-1013',TRUE,'2026-01-14 09:00:00','2026-01-16 09:00:00');
INSERT INTO public."User"("UserID","Username","PasswordHash","Role","FirstName","LastName","Email","Phone","IsActive","CreatedAt","UpdatedAt") VALUES ('bf64b951-8954-58bf-8ec9-1f194c017fe8','user14','$2b$12$hashvalueexample','VolunteerMgr','User14','Staff','user14@example.org','(414) 514-1014',TRUE,'2026-01-15 09:00:00','2026-01-27 09:00:00');
INSERT INTO public."User"("UserID","Username","PasswordHash","Role","FirstName","LastName","Email","Phone","IsActive","CreatedAt","UpdatedAt") VALUES ('26ab961d-925c-5bc7-9ec5-ae404a745994','user15','$2b$12$hashvalueexample','DevOfficer','User15','Staff','user15@example.org','(415) 515-1015',TRUE,'2026-01-16 09:00:00','2026-01-18 09:00:00');
INSERT INTO public."User"("UserID","Username","PasswordHash","Role","FirstName","LastName","Email","Phone","IsActive","CreatedAt","UpdatedAt") VALUES ('3e7f0120-56df-5222-a8cb-a2fd1503ce12','user16','$2b$12$hashvalueexample','Admin','User16','Staff','user16@example.org','(416) 516-1016',TRUE,'2026-01-17 09:00:00','2026-02-03 09:00:00');
INSERT INTO public."User"("UserID","Username","PasswordHash","Role","FirstName","LastName","Email","Phone","IsActive","CreatedAt","UpdatedAt") VALUES ('8832e9ea-50d2-51bd-b830-f9b00ba05c0d','user17','$2b$12$hashvalueexample','Caseworker','User17','Staff','user17@example.org','(417) 517-1017',TRUE,'2026-01-18 09:00:00','2026-02-17 09:00:00');
INSERT INTO public."User"("UserID","Username","PasswordHash","Role","FirstName","LastName","Email","Phone","IsActive","CreatedAt","UpdatedAt") VALUES ('3bb888f3-2438-5063-9ccd-da15bbd1f77a','user18','$2b$12$hashvalueexample','InventoryMgr','User18','Staff','user18@example.org','(418) 518-1018',TRUE,'2026-01-19 09:00:00','2026-02-08 09:00:00');
INSERT INTO public."User"("UserID","Username","PasswordHash","Role","FirstName","LastName","Email","Phone","IsActive","CreatedAt","UpdatedAt") VALUES ('7b1c4501-a453-5d5e-964d-c2067b69e22b','user19','$2b$12$hashvalueexample','VolunteerMgr','User19','Staff','user19@example.org','(419) 519-1019',TRUE,'2026-01-20 09:00:00','2026-01-28 09:00:00');
INSERT INTO public."User"("UserID","Username","PasswordHash","Role","FirstName","LastName","Email","Phone","IsActive","CreatedAt","UpdatedAt") VALUES ('236eebf6-c1d8-59c9-8b94-e411fe443fe2','user20','$2b$12$hashvalueexample','DevOfficer','User20','Staff','user20@example.org','(420) 520-1020',TRUE,'2026-01-21 09:00:00','2026-01-22 09:00:00');
INSERT INTO public."User"("UserID","Username","PasswordHash","Role","FirstName","LastName","Email","Phone","IsActive","CreatedAt","UpdatedAt") VALUES ('2fd0a02e-a1ce-56b3-8e11-5e93dcc1a578','user21','$2b$12$hashvalueexample','Admin','User21','Staff','user21@example.org','(421) 521-1021',TRUE,'2026-01-22 09:00:00','2026-01-31 09:00:00');
INSERT INTO public."User"("UserID","Username","PasswordHash","Role","FirstName","LastName","Email","Phone","IsActive","CreatedAt","UpdatedAt") VALUES ('c83e18dd-78e7-5b2f-a861-cd4144abcab4','user22','$2b$12$hashvalueexample','Caseworker','User22','Staff','user22@example.org','(422) 522-1022',TRUE,'2026-01-23 09:00:00','2026-01-23 09:00:00');
INSERT INTO public."User"("UserID","Username","PasswordHash","Role","FirstName","LastName","Email","Phone","IsActive","CreatedAt","UpdatedAt") VALUES ('7c516c1d-caef-5910-ba7e-6485e2b7814d','user23','$2b$12$hashvalueexample','InventoryMgr','User23','Staff','user23@example.org','(423) 523-1023',TRUE,'2026-01-24 09:00:00','2026-02-01 09:00:00');
INSERT INTO public."User"("UserID","Username","PasswordHash","Role","FirstName","LastName","Email","Phone","IsActive","CreatedAt","UpdatedAt") VALUES ('f3fd07bb-bcce-5221-acfc-9c4b47bfb503','user24','$2b$12$hashvalueexample','VolunteerMgr','User24','Staff','user24@example.org','(424) 524-1024',TRUE,'2026-01-25 09:00:00','2026-02-05 09:00:00');
INSERT INTO public."User"("UserID","Username","PasswordHash","Role","FirstName","LastName","Email","Phone","IsActive","CreatedAt","UpdatedAt") VALUES ('baa8e5dc-51ce-52d7-afc6-7b11717b1c3c','user25','$2b$12$hashvalueexample','DevOfficer','User25','Staff','user25@example.org','(425) 525-1025',TRUE,'2026-01-26 09:00:00','2026-01-31 09:00:00');

-- Program (25)
INSERT INTO public."Program"("ProgramID","Name","Description","Category","IsActive","CreatedByUserID","CreatedAt","UpdatedAt") VALUES ('1650ae65-b7f2-56e8-9427-c1458f7d3119','Program 01','Description for Program 01','Category 01',TRUE,'d35a2a2a-d1d1-55ed-90a7-348c3da59deb','2026-01-07 09:00:00','2026-01-21 09:00:00');
INSERT INTO public."Program"("ProgramID","Name","Description","Category","IsActive","CreatedByUserID","CreatedAt","UpdatedAt") VALUES ('63f741ec-fd54-5288-b80d-4a1476c7a195','Program 02','Description for Program 02','Category 02',TRUE,'1e5f1a27-4c4e-5b84-b4dd-5227b40c755d','2026-01-08 09:00:00','2026-01-16 09:00:00');
INSERT INTO public."Program"("ProgramID","Name","Description","Category","IsActive","CreatedByUserID","CreatedAt","UpdatedAt") VALUES ('b2b48466-81a1-5427-8e8f-2acef59a4815','Program 03','Description for Program 03','Category 03',TRUE,'8e366a8d-6e18-50fd-98d9-2efd6d246b24','2026-01-09 09:00:00','2026-01-14 09:00:00');
INSERT INTO public."Program"("ProgramID","Name","Description","Category","IsActive","CreatedByUserID","CreatedAt","UpdatedAt") VALUES ('e70658f4-5b38-558c-9073-86aceb86901f','Program 04','Description for Program 04','Category 04',TRUE,'dbc080c1-f33d-5a36-8bd2-68fb0d20f0db','2026-01-10 09:00:00','2026-01-29 09:00:00');
INSERT INTO public."Program"("ProgramID","Name","Description","Category","IsActive","CreatedByUserID","CreatedAt","UpdatedAt") VALUES ('46b27d69-fcff-5c18-84b0-1dec649a52c8','Program 05','Description for Program 05','Category 05',TRUE,'01235d01-f261-55ab-b63d-d2a10cad9e11','2026-01-11 09:00:00','2026-01-28 09:00:00');
INSERT INTO public."Program"("ProgramID","Name","Description","Category","IsActive","CreatedByUserID","CreatedAt","UpdatedAt") VALUES ('da9b7201-e441-5ef0-8357-cee69e8b6931','Program 06','Description for Program 06','Category 06',TRUE,'5d7e3982-b4cf-5ca6-9734-744833b910a3','2026-01-12 09:00:00','2026-02-01 09:00:00');
INSERT INTO public."Program"("ProgramID","Name","Description","Category","IsActive","CreatedByUserID","CreatedAt","UpdatedAt") VALUES ('2b6ff5f2-1051-5a68-8b35-55a22fc89911','Program 07','Description for Program 07','Category 07',TRUE,'933a1a70-8683-5fea-8b3c-02459adb5f31','2026-01-13 09:00:00','2026-01-30 09:00:00');
INSERT INTO public."Program"("ProgramID","Name","Description","Category","IsActive","CreatedByUserID","CreatedAt","UpdatedAt") VALUES ('f4fb366a-40f9-5b34-a905-89ee15e516e6','Program 08','Description for Program 08','Category 08',TRUE,'52388865-df5d-5f46-8df6-034d113e9391','2026-01-14 09:00:00','2026-01-19 09:00:00');
INSERT INTO public."Program"("ProgramID","Name","Description","Category","IsActive","CreatedByUserID","CreatedAt","UpdatedAt") VALUES ('5e15fac2-4561-5d24-baee-6980a0c1a633','Program 09','Description for Program 09','Category 09',TRUE,'a710b314-b7cc-51d3-97ed-52f7aedba4c0','2026-01-15 09:00:00','2026-01-18 09:00:00');
INSERT INTO public."Program"("ProgramID","Name","Description","Category","IsActive","CreatedByUserID","CreatedAt","UpdatedAt") VALUES ('18c24f5c-0708-5493-ad6b-b7cffaa8ade2','Program 10','Description for Program 10','Category 10',TRUE,'3ee066f5-64b0-5b81-b4fc-d8f8ede23ed0','2026-01-16 09:00:00','2026-01-29 09:00:00');
INSERT INTO public."Program"("ProgramID","Name","Description","Category","IsActive","CreatedByUserID","CreatedAt","UpdatedAt") VALUES ('aca03812-59ce-5f37-8b21-b3caaca50d70','Program 11','Description for Program 11','Category 01',TRUE,'271814b9-df4f-5305-9347-898e83e672dc','2026-01-17 09:00:00','2026-01-25 09:00:00');
INSERT INTO public."Program"("ProgramID","Name","Description","Category","IsActive","CreatedByUserID","CreatedAt","UpdatedAt") VALUES ('42289e55-e2e8-5d32-8218-5d6da68da187','Program 12','Description for Program 12','Category 02',TRUE,'4025932a-8150-5165-bec3-726ec0f47e30','2026-01-18 09:00:00','2026-02-03 09:00:00');
INSERT INTO public."Program"("ProgramID","Name","Description","Category","IsActive","CreatedByUserID","CreatedAt","UpdatedAt") VALUES ('0bb1efe1-a71f-50bb-8f75-c444b3b034e0','Program 13','Description for Program 13','Category 03',TRUE,'39ee98d1-7b3e-5a28-ba39-01ed2143fe0c','2026-01-19 09:00:00','2026-01-29 09:00:00');
INSERT INTO public."Program"("ProgramID","Name","Description","Category","IsActive","CreatedByUserID","CreatedAt","UpdatedAt") VALUES ('58f8c23a-5695-50d2-8761-63f97a86419c','Program 14','Description for Program 14','Category 04',TRUE,'bf64b951-8954-58bf-8ec9-1f194c017fe8','2026-01-20 09:00:00','2026-02-02 09:00:00');
INSERT INTO public."Program"("ProgramID","Name","Description","Category","IsActive","CreatedByUserID","CreatedAt","UpdatedAt") VALUES ('a0f5b04b-6c8a-579a-83de-e44ce2844235','Program 15','Description for Program 15','Category 05',TRUE,'26ab961d-925c-5bc7-9ec5-ae404a745994','2026-01-21 09:00:00','2026-02-06 09:00:00');
INSERT INTO public."Program"("ProgramID","Name","Description","Category","IsActive","CreatedByUserID","CreatedAt","UpdatedAt") VALUES ('ccfc2b33-3aa4-52d3-8d46-ec59404694ee','Program 16','Description for Program 16','Category 06',TRUE,'3e7f0120-56df-5222-a8cb-a2fd1503ce12','2026-01-22 09:00:00','2026-01-29 09:00:00');
INSERT INTO public."Program"("ProgramID","Name","Description","Category","IsActive","CreatedByUserID","CreatedAt","UpdatedAt") VALUES ('24a07dfd-6d75-5423-9952-0bba9526c462','Program 17','Description for Program 17','Category 07',TRUE,'8832e9ea-50d2-51bd-b830-f9b00ba05c0d','2026-01-23 09:00:00','2026-02-01 09:00:00');
INSERT INTO public."Program"("ProgramID","Name","Description","Category","IsActive","CreatedByUserID","CreatedAt","UpdatedAt") VALUES ('50fe6ba7-a9d8-506e-b7ad-010fcdc72c85','Program 18','Description for Program 18','Category 08',TRUE,'3bb888f3-2438-5063-9ccd-da15bbd1f77a','2026-01-24 09:00:00','2026-01-30 09:00:00');
INSERT INTO public."Program"("ProgramID","Name","Description","Category","IsActive","CreatedByUserID","CreatedAt","UpdatedAt") VALUES ('0407162f-7305-560f-b69e-15cbe71e4ab3','Program 19','Description for Program 19','Category 09',TRUE,'7b1c4501-a453-5d5e-964d-c2067b69e22b','2026-01-25 09:00:00','2026-02-06 09:00:00');
INSERT INTO public."Program"("ProgramID","Name","Description","Category","IsActive","CreatedByUserID","CreatedAt","UpdatedAt") VALUES ('d5b1af2d-50be-586f-8f0e-55e91211ae7e','Program 20','Description for Program 20','Category 10',TRUE,'236eebf6-c1d8-59c9-8b94-e411fe443fe2','2026-01-26 09:00:00','2026-01-27 09:00:00');
INSERT INTO public."Program"("ProgramID","Name","Description","Category","IsActive","CreatedByUserID","CreatedAt","UpdatedAt") VALUES ('df0992c1-f735-59ad-abe3-d49741370c36','Program 21','Description for Program 21','Category 01',TRUE,'2fd0a02e-a1ce-56b3-8e11-5e93dcc1a578','2026-01-27 09:00:00','2026-02-09 09:00:00');
INSERT INTO public."Program"("ProgramID","Name","Description","Category","IsActive","CreatedByUserID","CreatedAt","UpdatedAt") VALUES ('9a5f6bd6-f3f7-5a7a-8450-ce8de93188d7','Program 22','Description for Program 22','Category 02',TRUE,'c83e18dd-78e7-5b2f-a861-cd4144abcab4','2026-01-28 09:00:00','2026-02-17 09:00:00');
INSERT INTO public."Program"("ProgramID","Name","Description","Category","IsActive","CreatedByUserID","CreatedAt","UpdatedAt") VALUES ('409951af-959a-5585-9a55-23e3bc059e6f','Program 23','Description for Program 23','Category 03',TRUE,'7c516c1d-caef-5910-ba7e-6485e2b7814d','2026-01-29 09:00:00','2026-02-11 09:00:00');
INSERT INTO public."Program"("ProgramID","Name","Description","Category","IsActive","CreatedByUserID","CreatedAt","UpdatedAt") VALUES ('c912af11-44da-5605-9a67-b1039add54dd','Program 24','Description for Program 24','Category 04',TRUE,'f3fd07bb-bcce-5221-acfc-9c4b47bfb503','2026-01-30 09:00:00','2026-02-10 09:00:00');
INSERT INTO public."Program"("ProgramID","Name","Description","Category","IsActive","CreatedByUserID","CreatedAt","UpdatedAt") VALUES ('5517afc7-93de-5a5e-b8d2-0c2c87bfb9ff','Program 25','Description for Program 25','Category 05',TRUE,'baa8e5dc-51ce-52d7-afc6-7b11717b1c3c','2026-01-31 09:00:00','2026-02-19 09:00:00');

-- Client (25)
INSERT INTO public."Client"("ClientID","FirstName","LastName","DOB","Gender","Phone","Email","Address","City","State","Zip","IntakeDate","IntakeStaffUserID","IsActive","CreatedAt","UpdatedAt") VALUES ('283d2513-4bd7-559c-a204-1e607d6b1bd9','Client01','Person','1976-01-01','Male','(601) 201-2001','client01@example.org','101 Main St','Aubrey','TX','76221','2026-02-02','d35a2a2a-d1d1-55ed-90a7-348c3da59deb',TRUE,'2026-02-02 10:00:00','2026-02-15 10:00:00');
INSERT INTO public."Client"("ClientID","FirstName","LastName","DOB","Gender","Phone","Email","Address","City","State","Zip","IntakeDate","IntakeStaffUserID","IsActive","CreatedAt","UpdatedAt") VALUES ('e5950c47-4510-5e11-83fc-357f31acc58f','Client02','Person','1977-02-02','Male','(602) 202-2002','client02@example.org','102 Main St','Aubrey','TX','76222','2026-02-03','1e5f1a27-4c4e-5b84-b4dd-5227b40c755d',TRUE,'2026-02-03 10:00:00','2026-02-10 10:00:00');
INSERT INTO public."Client"("ClientID","FirstName","LastName","DOB","Gender","Phone","Email","Address","City","State","Zip","IntakeDate","IntakeStaffUserID","IsActive","CreatedAt","UpdatedAt") VALUES ('f04d5670-633b-5080-8c28-b3e81c657c6f','Client03','Person','1978-03-03','Nonbinary','(603) 203-2003','client03@example.org','103 Main St','Aubrey','TX','76223','2026-02-04','8e366a8d-6e18-50fd-98d9-2efd6d246b24',TRUE,'2026-02-04 10:00:00','2026-02-09 10:00:00');
INSERT INTO public."Client"("ClientID","FirstName","LastName","DOB","Gender","Phone","Email","Address","City","State","Zip","IntakeDate","IntakeStaffUserID","IsActive","CreatedAt","UpdatedAt") VALUES ('f246e1f8-ccaf-5f04-b339-1c950793b994','Client04','Person','1979-04-04',NULL,'(604) 204-2004','client04@example.org','104 Main St','Aubrey','TX','76224','2026-02-05','dbc080c1-f33d-5a36-8bd2-68fb0d20f0db',TRUE,'2026-02-05 10:00:00','2026-02-11 10:00:00');
INSERT INTO public."Client"("ClientID","FirstName","LastName","DOB","Gender","Phone","Email","Address","City","State","Zip","IntakeDate","IntakeStaffUserID","IsActive","CreatedAt","UpdatedAt") VALUES ('dd8cdab2-1426-5a56-9f3a-e6084149f0be','Client05','Person','1980-05-05',NULL,'(605) 205-2005','client05@example.org','105 Main St','Aubrey','TX','76225','2026-02-06','01235d01-f261-55ab-b63d-d2a10cad9e11',TRUE,'2026-02-06 10:00:00','2026-02-17 10:00:00');
INSERT INTO public."Client"("ClientID","FirstName","LastName","DOB","Gender","Phone","Email","Address","City","State","Zip","IntakeDate","IntakeStaffUserID","IsActive","CreatedAt","UpdatedAt") VALUES ('574a2f1c-b4dc-5685-bc9d-de18948d9c05','Client06','Person','1981-06-06',NULL,'(606) 206-2006','client06@example.org','106 Main St','Aubrey','TX','76226','2026-02-07','5d7e3982-b4cf-5ca6-9734-744833b910a3',TRUE,'2026-02-07 10:00:00','2026-02-12 10:00:00');
INSERT INTO public."Client"("ClientID","FirstName","LastName","DOB","Gender","Phone","Email","Address","City","State","Zip","IntakeDate","IntakeStaffUserID","IsActive","CreatedAt","UpdatedAt") VALUES ('1ee36b02-91e2-5414-80c9-bb35c3d877df','Client07','Person','1982-07-07','Nonbinary','(607) 207-2007','client07@example.org','107 Main St','Aubrey','TX','76227','2026-02-08','933a1a70-8683-5fea-8b3c-02459adb5f31',TRUE,'2026-02-08 10:00:00','2026-02-14 10:00:00');
INSERT INTO public."Client"("ClientID","FirstName","LastName","DOB","Gender","Phone","Email","Address","City","State","Zip","IntakeDate","IntakeStaffUserID","IsActive","CreatedAt","UpdatedAt") VALUES ('f23d7612-4f56-540a-8422-63c4774fbb07','Client08','Person','1983-08-08','Female','(608) 208-2008','client08@example.org','108 Main St','Aubrey','TX','76228','2026-02-09','52388865-df5d-5f46-8df6-034d113e9391',TRUE,'2026-02-09 10:00:00','2026-02-15 10:00:00');
INSERT INTO public."Client"("ClientID","FirstName","LastName","DOB","Gender","Phone","Email","Address","City","State","Zip","IntakeDate","IntakeStaffUserID","IsActive","CreatedAt","UpdatedAt") VALUES ('109b1979-f50b-59e6-ba85-f3dc7348946c','Client09','Person','1984-09-09','Male','(609) 209-2009','client09@example.org','109 Main St','Aubrey','TX','76229','2026-02-10','a710b314-b7cc-51d3-97ed-52f7aedba4c0',TRUE,'2026-02-10 10:00:00','2026-02-12 10:00:00');
INSERT INTO public."Client"("ClientID","FirstName","LastName","DOB","Gender","Phone","Email","Address","City","State","Zip","IntakeDate","IntakeStaffUserID","IsActive","CreatedAt","UpdatedAt") VALUES ('5779c3ba-ab23-5808-8c21-ce6e8de612a7','Client10','Person','1985-10-10','Male','(610) 210-2010','client10@example.org','110 Main St','Aubrey','TX','76230','2026-02-11','3ee066f5-64b0-5b81-b4fc-d8f8ede23ed0',TRUE,'2026-02-11 10:00:00','2026-02-19 10:00:00');
INSERT INTO public."Client"("ClientID","FirstName","LastName","DOB","Gender","Phone","Email","Address","City","State","Zip","IntakeDate","IntakeStaffUserID","IsActive","CreatedAt","UpdatedAt") VALUES ('b3d02ccf-1628-5246-b855-d8258a10f335','Client11','Person','1986-11-11','Female','(611) 211-2011','client11@example.org','111 Main St','Aubrey','TX','76231','2026-02-12','271814b9-df4f-5305-9347-898e83e672dc',TRUE,'2026-02-12 10:00:00','2026-02-13 10:00:00');
INSERT INTO public."Client"("ClientID","FirstName","LastName","DOB","Gender","Phone","Email","Address","City","State","Zip","IntakeDate","IntakeStaffUserID","IsActive","CreatedAt","UpdatedAt") VALUES ('4d4a44b5-a743-52c1-aba3-331e84413ae3','Client12','Person','1987-12-12','Male','(612) 212-2012','client12@example.org','112 Main St','Aubrey','TX','76232','2026-02-13','4025932a-8150-5165-bec3-726ec0f47e30',TRUE,'2026-02-13 10:00:00','2026-02-18 10:00:00');
INSERT INTO public."Client"("ClientID","FirstName","LastName","DOB","Gender","Phone","Email","Address","City","State","Zip","IntakeDate","IntakeStaffUserID","IsActive","CreatedAt","UpdatedAt") VALUES ('5e28d35c-d836-59d7-9687-b60e770bdd5a','Client13','Person','1988-01-13',NULL,'(613) 213-2013','client13@example.org','113 Main St','Aubrey','TX','76233','2026-02-14','39ee98d1-7b3e-5a28-ba39-01ed2143fe0c',TRUE,'2026-02-14 10:00:00','2026-02-28 10:00:00');
INSERT INTO public."Client"("ClientID","FirstName","LastName","DOB","Gender","Phone","Email","Address","City","State","Zip","IntakeDate","IntakeStaffUserID","IsActive","CreatedAt","UpdatedAt") VALUES ('706255d4-807c-5afc-8bb7-783a7907d699','Client14','Person','1989-02-14','Male','(614) 214-2014','client14@example.org','114 Main St','Aubrey','TX','76234','2026-02-15','bf64b951-8954-58bf-8ec9-1f194c017fe8',TRUE,'2026-02-15 10:00:00','2026-02-25 10:00:00');
INSERT INTO public."Client"("ClientID","FirstName","LastName","DOB","Gender","Phone","Email","Address","City","State","Zip","IntakeDate","IntakeStaffUserID","IsActive","CreatedAt","UpdatedAt") VALUES ('2af319c1-215d-5a7d-ad81-af672ba65c4e','Client15','Person','1990-03-15',NULL,'(615) 215-2015','client15@example.org','115 Main St','Aubrey','TX','76235','2026-02-16','26ab961d-925c-5bc7-9ec5-ae404a745994',TRUE,'2026-02-16 10:00:00','2026-02-21 10:00:00');
INSERT INTO public."Client"("ClientID","FirstName","LastName","DOB","Gender","Phone","Email","Address","City","State","Zip","IntakeDate","IntakeStaffUserID","IsActive","CreatedAt","UpdatedAt") VALUES ('db6518c6-3fe0-5455-94b6-d9bda0ce7940','Client16','Person','1991-04-16','Female','(616) 216-2016','client16@example.org','116 Main St','Aubrey','TX','76236','2026-02-17','3e7f0120-56df-5222-a8cb-a2fd1503ce12',TRUE,'2026-02-17 10:00:00','2026-03-03 10:00:00');
INSERT INTO public."Client"("ClientID","FirstName","LastName","DOB","Gender","Phone","Email","Address","City","State","Zip","IntakeDate","IntakeStaffUserID","IsActive","CreatedAt","UpdatedAt") VALUES ('6ca8b594-7f28-5090-8197-29b8c910c1bd','Client17','Person','1992-05-17','Nonbinary','(617) 217-2017','client17@example.org','117 Main St','Aubrey','TX','76237','2026-02-18','8832e9ea-50d2-51bd-b830-f9b00ba05c0d',TRUE,'2026-02-18 10:00:00','2026-02-24 10:00:00');
INSERT INTO public."Client"("ClientID","FirstName","LastName","DOB","Gender","Phone","Email","Address","City","State","Zip","IntakeDate","IntakeStaffUserID","IsActive","CreatedAt","UpdatedAt") VALUES ('a190b2e1-1cad-5904-a599-b207f8cddebf','Client18','Person','1993-06-18','Nonbinary','(618) 218-2018','client18@example.org','118 Main St','Aubrey','TX','76238','2026-02-19','3bb888f3-2438-5063-9ccd-da15bbd1f77a',TRUE,'2026-02-19 10:00:00','2026-02-21 10:00:00');
INSERT INTO public."Client"("ClientID","FirstName","LastName","DOB","Gender","Phone","Email","Address","City","State","Zip","IntakeDate","IntakeStaffUserID","IsActive","CreatedAt","UpdatedAt") VALUES ('8bdf7adf-e6b7-53b0-995a-ee4a48431e54','Client19','Person','1994-07-19','Nonbinary','(619) 219-2019','client19@example.org','119 Main St','Aubrey','TX','76239','2026-02-20','7b1c4501-a453-5d5e-964d-c2067b69e22b',TRUE,'2026-02-20 10:00:00','2026-03-07 10:00:00');
INSERT INTO public."Client"("ClientID","FirstName","LastName","DOB","Gender","Phone","Email","Address","City","State","Zip","IntakeDate","IntakeStaffUserID","IsActive","CreatedAt","UpdatedAt") VALUES ('39ec7308-2850-56b9-9904-406c64686f83','Client20','Person','1995-08-20','Nonbinary','(620) 220-2020','client20@example.org','120 Main St','Aubrey','TX','76240','2026-02-21','236eebf6-c1d8-59c9-8b94-e411fe443fe2',TRUE,'2026-02-21 10:00:00','2026-03-08 10:00:00');
INSERT INTO public."Client"("ClientID","FirstName","LastName","DOB","Gender","Phone","Email","Address","City","State","Zip","IntakeDate","IntakeStaffUserID","IsActive","CreatedAt","UpdatedAt") VALUES ('a4e836a4-23ec-5c18-b181-526d38120406','Client21','Person','1996-09-21','Male','(621) 221-2021','client21@example.org','121 Main St','Aubrey','TX','76241','2026-02-22','2fd0a02e-a1ce-56b3-8e11-5e93dcc1a578',TRUE,'2026-02-22 10:00:00','2026-03-09 10:00:00');
INSERT INTO public."Client"("ClientID","FirstName","LastName","DOB","Gender","Phone","Email","Address","City","State","Zip","IntakeDate","IntakeStaffUserID","IsActive","CreatedAt","UpdatedAt") VALUES ('50dfc19e-600d-5b6c-9c89-4569854db470','Client22','Person','1997-10-22','Nonbinary','(622) 222-2022','client22@example.org','122 Main St','Aubrey','TX','76242','2026-02-23','c83e18dd-78e7-5b2f-a861-cd4144abcab4',TRUE,'2026-02-23 10:00:00','2026-02-26 10:00:00');
INSERT INTO public."Client"("ClientID","FirstName","LastName","DOB","Gender","Phone","Email","Address","City","State","Zip","IntakeDate","IntakeStaffUserID","IsActive","CreatedAt","UpdatedAt") VALUES ('b60b742d-ac0e-54bb-b6cc-ab9909927875','Client23','Person','1998-11-23','Female','(623) 223-2023','client23@example.org','123 Main St','Aubrey','TX','76243','2026-02-24','7c516c1d-caef-5910-ba7e-6485e2b7814d',TRUE,'2026-02-24 10:00:00','2026-03-10 10:00:00');
INSERT INTO public."Client"("ClientID","FirstName","LastName","DOB","Gender","Phone","Email","Address","City","State","Zip","IntakeDate","IntakeStaffUserID","IsActive","CreatedAt","UpdatedAt") VALUES ('ce38173e-1d9a-5cbc-8a4a-26a38f99670a','Client24','Person','1999-12-24','Male','(624) 224-2024','client24@example.org','124 Main St','Aubrey','TX','76244','2026-02-25','f3fd07bb-bcce-5221-acfc-9c4b47bfb503',TRUE,'2026-02-25 10:00:00','2026-02-26 10:00:00');
INSERT INTO public."Client"("ClientID","FirstName","LastName","DOB","Gender","Phone","Email","Address","City","State","Zip","IntakeDate","IntakeStaffUserID","IsActive","CreatedAt","UpdatedAt") VALUES ('9bae9bb9-54b0-513d-8813-0d6786aac28a','Client25','Person','2000-01-25','Nonbinary','(625) 225-2025','client25@example.org','125 Main St','Aubrey','TX','76245','2026-02-26','baa8e5dc-51ce-52d7-afc6-7b11717b1c3c',TRUE,'2026-02-26 10:00:00','2026-03-06 10:00:00');

-- InventoryItem (25)
INSERT INTO public."InventoryItem"("ItemID","Name","CategoryID","UoMID","ManagesExpiration","ReorderPoint","IsActive") VALUES ('06dbfd4d-7bbf-5a32-9355-531909a61ca2','Item 01','bb341ce1-b9e9-54a5-99e1-8cd867a11aaf','e5a2d270-cec8-5cbe-9fb5-20e9c7a28e15',FALSE,6.50,TRUE);
INSERT INTO public."InventoryItem"("ItemID","Name","CategoryID","UoMID","ManagesExpiration","ReorderPoint","IsActive") VALUES ('9f2ebd4d-c979-579f-a41c-372f3898e343','Item 02','ad49cf65-8613-512d-b96b-aa55b7a4c48e','247b9de1-fb91-5a94-bb8e-1e56bcc0e7c7',TRUE,8.00,TRUE);
INSERT INTO public."InventoryItem"("ItemID","Name","CategoryID","UoMID","ManagesExpiration","ReorderPoint","IsActive") VALUES ('0528a45e-e2c8-594b-917a-6a600bc274b6','Item 03','375d8752-2f84-5583-b24d-5d385d40ee13','f7c717d6-9cea-5859-a02b-089240696d4a',FALSE,9.50,TRUE);
INSERT INTO public."InventoryItem"("ItemID","Name","CategoryID","UoMID","ManagesExpiration","ReorderPoint","IsActive") VALUES ('4c992a71-6e5e-5c6c-8830-9c7abb552b2b','Item 04','3a252d74-68d6-5bce-937f-74ab71a59361','6512d29e-6ffe-5d06-83f8-c22e5b28cc8c',TRUE,11.00,TRUE);
INSERT INTO public."InventoryItem"("ItemID","Name","CategoryID","UoMID","ManagesExpiration","ReorderPoint","IsActive") VALUES ('e0edfa52-d4c8-519a-b8da-95fc3c644bd2','Item 05','2ed459e2-b38f-5f63-92cb-54bf00d4bd92','73b61002-066b-5acb-bc2a-3702203989b9',FALSE,12.50,TRUE);
INSERT INTO public."InventoryItem"("ItemID","Name","CategoryID","UoMID","ManagesExpiration","ReorderPoint","IsActive") VALUES ('28e5ba7f-8eea-598c-9b17-cb1345303297','Item 06','a2c8e1ef-7479-5624-8127-b4b4996fbce2','ca77e688-0507-5048-bb33-ab8ba5cd9941',TRUE,14.00,TRUE);
INSERT INTO public."InventoryItem"("ItemID","Name","CategoryID","UoMID","ManagesExpiration","ReorderPoint","IsActive") VALUES ('7d310364-452a-5933-bd6d-473e7dc3cace','Item 07','6016739a-100b-5a10-9cd7-70a1107a8a9e','e606a5fc-6156-5464-b506-c052a7c0f999',FALSE,15.50,TRUE);
INSERT INTO public."InventoryItem"("ItemID","Name","CategoryID","UoMID","ManagesExpiration","ReorderPoint","IsActive") VALUES ('ef37deb4-6ca8-545c-b7a1-59913191ed99','Item 08','c2aeeaa4-dc71-5baf-8faa-604d4895194f','d989c3a4-e878-51b2-9fe0-e528cabed20b',TRUE,17.00,TRUE);
INSERT INTO public."InventoryItem"("ItemID","Name","CategoryID","UoMID","ManagesExpiration","ReorderPoint","IsActive") VALUES ('ff63d45f-d447-5b42-8532-76bc411dd63b','Item 09','1fec1489-1383-54f9-a6e9-719d95c14e37','1917700c-517a-5a1b-a367-9666fb629eb4',FALSE,18.50,TRUE);
INSERT INTO public."InventoryItem"("ItemID","Name","CategoryID","UoMID","ManagesExpiration","ReorderPoint","IsActive") VALUES ('937537ca-efbd-5a44-8517-bd4d8f3f4295','Item 10','01de3df1-5b20-5d14-90d0-6ffb83e631cd','204e1052-0c0c-5889-838e-cac5e1ea106c',TRUE,20.00,TRUE);
INSERT INTO public."InventoryItem"("ItemID","Name","CategoryID","UoMID","ManagesExpiration","ReorderPoint","IsActive") VALUES ('25fa7ffa-d530-519f-b41b-885bd6fb4e58','Item 11','d703cee3-4d47-52d5-9d3a-00d83132a72c','6844a8d7-c9bf-5069-a858-10798dfa7407',FALSE,21.50,TRUE);
INSERT INTO public."InventoryItem"("ItemID","Name","CategoryID","UoMID","ManagesExpiration","ReorderPoint","IsActive") VALUES ('45b77e75-f7d3-50d8-89c1-0e4b3f739c64','Item 12','b8eef4b6-cd05-5d44-ac9d-29a8a2d8e9d9','05634855-adb7-5d05-bf65-276df6bcb36f',TRUE,23.00,TRUE);
INSERT INTO public."InventoryItem"("ItemID","Name","CategoryID","UoMID","ManagesExpiration","ReorderPoint","IsActive") VALUES ('94fec7c2-e4db-5e8c-9eb2-78abf8c441fe','Item 13','70c44110-adc2-5714-a040-6f2b0b773cbf','e92e88d5-e86b-5452-bea8-757ea28d934d',FALSE,24.50,TRUE);
INSERT INTO public."InventoryItem"("ItemID","Name","CategoryID","UoMID","ManagesExpiration","ReorderPoint","IsActive") VALUES ('07613688-8351-564f-af93-3141415fb63b','Item 14','e241db48-8133-532f-ac15-f4bc1b9afd5e','9ffb8205-7200-5c40-a431-73c9a3d692d4',TRUE,26.00,TRUE);
INSERT INTO public."InventoryItem"("ItemID","Name","CategoryID","UoMID","ManagesExpiration","ReorderPoint","IsActive") VALUES ('241aa9d8-3c48-5835-afda-7af895f95925','Item 15','fdcaaaa9-bb68-59f3-b2cb-b7836ce949f6','14cd6a55-d724-57a7-9cfe-509d67771655',FALSE,27.50,TRUE);
INSERT INTO public."InventoryItem"("ItemID","Name","CategoryID","UoMID","ManagesExpiration","ReorderPoint","IsActive") VALUES ('33d96e43-a062-5ce4-a380-c8c104367ca7','Item 16','73e4828c-8365-573c-8854-2cae265f4e73','e5d3f1fd-e431-5f44-8389-4cf3c4809e0d',TRUE,29.00,TRUE);
INSERT INTO public."InventoryItem"("ItemID","Name","CategoryID","UoMID","ManagesExpiration","ReorderPoint","IsActive") VALUES ('9ff48ce1-ade1-541a-899b-2038ca96925f','Item 17','c477a01c-fcd8-5fe8-be88-ecfb0f8c4d84','5c523eb9-15e4-52fc-9a90-2f96780481c5',FALSE,30.50,TRUE);
INSERT INTO public."InventoryItem"("ItemID","Name","CategoryID","UoMID","ManagesExpiration","ReorderPoint","IsActive") VALUES ('6658e39d-c2d2-5164-962e-ab1d2f74cf13','Item 18','b3739b8d-bd9b-5505-9407-2bde92fd354d','08702994-c5b8-5849-a161-833667107c8f',TRUE,32.00,TRUE);
INSERT INTO public."InventoryItem"("ItemID","Name","CategoryID","UoMID","ManagesExpiration","ReorderPoint","IsActive") VALUES ('3be616e6-32cb-597b-88e0-9581a387d75b','Item 19','1412f2ea-0106-50f5-81a5-4c2ba8718bd0','f806ea4a-5502-5c03-afa1-39770e70c8ee',FALSE,33.50,TRUE);
INSERT INTO public."InventoryItem"("ItemID","Name","CategoryID","UoMID","ManagesExpiration","ReorderPoint","IsActive") VALUES ('0d724ce5-ed63-5682-a938-5c74bd216880','Item 20','4ed47824-5ac2-57d6-a77b-843ba6430d4a','247af630-9412-598b-9832-e4a9e04593f0',TRUE,35.00,TRUE);
INSERT INTO public."InventoryItem"("ItemID","Name","CategoryID","UoMID","ManagesExpiration","ReorderPoint","IsActive") VALUES ('d991cc17-835e-5957-8ad7-91fcd355f8d8','Item 21','4204e399-ac80-5eaa-8172-a62916e1cbdd','137f73cb-f460-5f13-afc2-bfa3b188675d',FALSE,36.50,TRUE);
INSERT INTO public."InventoryItem"("ItemID","Name","CategoryID","UoMID","ManagesExpiration","ReorderPoint","IsActive") VALUES ('d5b74f4b-f316-5975-b833-720bf88c9417','Item 22','05c258ea-81eb-5231-95c9-c83342b2699c','0bff969c-4479-5e57-b8f6-d49c94169353',TRUE,38.00,TRUE);
INSERT INTO public."InventoryItem"("ItemID","Name","CategoryID","UoMID","ManagesExpiration","ReorderPoint","IsActive") VALUES ('66aa2be8-3218-5774-a268-cfad0f3ef44d','Item 23','fcdb0ea9-6b79-5668-9802-aef4ecbff64c','b782e923-6106-5fbb-b125-b49612bf2640',FALSE,39.50,TRUE);
INSERT INTO public."InventoryItem"("ItemID","Name","CategoryID","UoMID","ManagesExpiration","ReorderPoint","IsActive") VALUES ('e74cf48d-8659-5c04-b454-147d68fa1ce3','Item 24','a381dfa1-e1a4-5f15-8581-de637226fd61','dabd2b83-f597-5616-9e13-5c5c08e3cd53',TRUE,41.00,TRUE);
INSERT INTO public."InventoryItem"("ItemID","Name","CategoryID","UoMID","ManagesExpiration","ReorderPoint","IsActive") VALUES ('9cf31e02-869c-51e9-b116-da9e04b02bde','Item 25','ee941de4-f4ec-57a3-801c-32ee896bb517','4b17bd4f-748d-50c0-a82e-41a8cafe0f74',FALSE,42.50,TRUE);

-- ServiceInteraction (25)
INSERT INTO public."ServiceInteraction"("ServiceInteractionID","ClientID","ProgramID","InteractionDate","Units","CreatedByUserID","Notes") VALUES ('082904ab-0b90-540c-a34a-5deabe630a0a','283d2513-4bd7-559c-a204-1e607d6b1bd9','1650ae65-b7f2-56e8-9427-c1458f7d3119','2026-03-02',1.00,'dbc080c1-f33d-5a36-8bd2-68fb0d20f0db','Service note 01');
INSERT INTO public."ServiceInteraction"("ServiceInteractionID","ClientID","ProgramID","InteractionDate","Units","CreatedByUserID","Notes") VALUES ('3cda6a55-e2e0-5b8b-a6f2-91661a39b490','e5950c47-4510-5e11-83fc-357f31acc58f','63f741ec-fd54-5288-b80d-4a1476c7a195','2026-03-03',1.50,'01235d01-f261-55ab-b63d-d2a10cad9e11','Service note 02');
INSERT INTO public."ServiceInteraction"("ServiceInteractionID","ClientID","ProgramID","InteractionDate","Units","CreatedByUserID","Notes") VALUES ('4ddc5d75-9023-564c-b7ad-479a24303920','f04d5670-633b-5080-8c28-b3e81c657c6f','b2b48466-81a1-5427-8e8f-2acef59a4815','2026-03-04',2.00,'5d7e3982-b4cf-5ca6-9734-744833b910a3','Service note 03');
INSERT INTO public."ServiceInteraction"("ServiceInteractionID","ClientID","ProgramID","InteractionDate","Units","CreatedByUserID","Notes") VALUES ('6ec2c609-a228-5cb6-9b43-aefa26cd51f1','f246e1f8-ccaf-5f04-b339-1c950793b994','e70658f4-5b38-558c-9073-86aceb86901f','2026-03-05',2.50,'933a1a70-8683-5fea-8b3c-02459adb5f31','Service note 04');
INSERT INTO public."ServiceInteraction"("ServiceInteractionID","ClientID","ProgramID","InteractionDate","Units","CreatedByUserID","Notes") VALUES ('0efc8e02-c446-5847-9402-5aa3248f851f','dd8cdab2-1426-5a56-9f3a-e6084149f0be','46b27d69-fcff-5c18-84b0-1dec649a52c8','2026-03-06',0.50,'52388865-df5d-5f46-8df6-034d113e9391','Service note 05');
INSERT INTO public."ServiceInteraction"("ServiceInteractionID","ClientID","ProgramID","InteractionDate","Units","CreatedByUserID","Notes") VALUES ('d9dbf641-b3ca-5094-942e-a82a299c6838','574a2f1c-b4dc-5685-bc9d-de18948d9c05','da9b7201-e441-5ef0-8357-cee69e8b6931','2026-03-07',1.00,'a710b314-b7cc-51d3-97ed-52f7aedba4c0','Service note 06');
INSERT INTO public."ServiceInteraction"("ServiceInteractionID","ClientID","ProgramID","InteractionDate","Units","CreatedByUserID","Notes") VALUES ('f20e4190-3772-52aa-b6fd-820fc6e8b47f','1ee36b02-91e2-5414-80c9-bb35c3d877df','2b6ff5f2-1051-5a68-8b35-55a22fc89911','2026-03-08',1.50,'3ee066f5-64b0-5b81-b4fc-d8f8ede23ed0','Service note 07');
INSERT INTO public."ServiceInteraction"("ServiceInteractionID","ClientID","ProgramID","InteractionDate","Units","CreatedByUserID","Notes") VALUES ('4dd18a14-ee71-5dfb-b808-ebfeb11a5459','f23d7612-4f56-540a-8422-63c4774fbb07','f4fb366a-40f9-5b34-a905-89ee15e516e6','2026-03-09',2.00,'271814b9-df4f-5305-9347-898e83e672dc','Service note 08');
INSERT INTO public."ServiceInteraction"("ServiceInteractionID","ClientID","ProgramID","InteractionDate","Units","CreatedByUserID","Notes") VALUES ('793fb155-a9b0-53bc-a9ad-eb17bc3be225','109b1979-f50b-59e6-ba85-f3dc7348946c','5e15fac2-4561-5d24-baee-6980a0c1a633','2026-03-10',2.50,'4025932a-8150-5165-bec3-726ec0f47e30','Service note 09');
INSERT INTO public."ServiceInteraction"("ServiceInteractionID","ClientID","ProgramID","InteractionDate","Units","CreatedByUserID","Notes") VALUES ('38c8a681-d656-58cc-bfbf-1c9b22704303','5779c3ba-ab23-5808-8c21-ce6e8de612a7','18c24f5c-0708-5493-ad6b-b7cffaa8ade2','2026-03-11',0.50,'39ee98d1-7b3e-5a28-ba39-01ed2143fe0c','Service note 10');
INSERT INTO public."ServiceInteraction"("ServiceInteractionID","ClientID","ProgramID","InteractionDate","Units","CreatedByUserID","Notes") VALUES ('264a32e9-e31e-5e41-8e25-c675cdc221a4','b3d02ccf-1628-5246-b855-d8258a10f335','aca03812-59ce-5f37-8b21-b3caaca50d70','2026-03-12',1.00,'bf64b951-8954-58bf-8ec9-1f194c017fe8','Service note 11');
INSERT INTO public."ServiceInteraction"("ServiceInteractionID","ClientID","ProgramID","InteractionDate","Units","CreatedByUserID","Notes") VALUES ('c66edea5-33a3-5448-a613-915fbefe3f30','4d4a44b5-a743-52c1-aba3-331e84413ae3','42289e55-e2e8-5d32-8218-5d6da68da187','2026-03-13',1.50,'26ab961d-925c-5bc7-9ec5-ae404a745994','Service note 12');
INSERT INTO public."ServiceInteraction"("ServiceInteractionID","ClientID","ProgramID","InteractionDate","Units","CreatedByUserID","Notes") VALUES ('ca632c00-aa40-5141-a9e8-daf7891e3ce8','5e28d35c-d836-59d7-9687-b60e770bdd5a','0bb1efe1-a71f-50bb-8f75-c444b3b034e0','2026-03-14',2.00,'3e7f0120-56df-5222-a8cb-a2fd1503ce12','Service note 13');
INSERT INTO public."ServiceInteraction"("ServiceInteractionID","ClientID","ProgramID","InteractionDate","Units","CreatedByUserID","Notes") VALUES ('7a9134fc-9ad6-5be4-a2c4-bfa4432c248b','706255d4-807c-5afc-8bb7-783a7907d699','58f8c23a-5695-50d2-8761-63f97a86419c','2026-03-15',2.50,'8832e9ea-50d2-51bd-b830-f9b00ba05c0d','Service note 14');
INSERT INTO public."ServiceInteraction"("ServiceInteractionID","ClientID","ProgramID","InteractionDate","Units","CreatedByUserID","Notes") VALUES ('4f1624da-9896-51da-85c9-80613b348fcf','2af319c1-215d-5a7d-ad81-af672ba65c4e','a0f5b04b-6c8a-579a-83de-e44ce2844235','2026-03-16',0.50,'3bb888f3-2438-5063-9ccd-da15bbd1f77a','Service note 15');
INSERT INTO public."ServiceInteraction"("ServiceInteractionID","ClientID","ProgramID","InteractionDate","Units","CreatedByUserID","Notes") VALUES ('fd36737b-6ad2-50e9-a3aa-494fea914642','db6518c6-3fe0-5455-94b6-d9bda0ce7940','ccfc2b33-3aa4-52d3-8d46-ec59404694ee','2026-03-17',1.00,'7b1c4501-a453-5d5e-964d-c2067b69e22b','Service note 16');
INSERT INTO public."ServiceInteraction"("ServiceInteractionID","ClientID","ProgramID","InteractionDate","Units","CreatedByUserID","Notes") VALUES ('0a3debd2-290c-5a4b-838f-22388324c338','6ca8b594-7f28-5090-8197-29b8c910c1bd','24a07dfd-6d75-5423-9952-0bba9526c462','2026-03-18',1.50,'236eebf6-c1d8-59c9-8b94-e411fe443fe2','Service note 17');
INSERT INTO public."ServiceInteraction"("ServiceInteractionID","ClientID","ProgramID","InteractionDate","Units","CreatedByUserID","Notes") VALUES ('2a4af405-9aff-566c-80b2-aba1d6d54bbd','a190b2e1-1cad-5904-a599-b207f8cddebf','50fe6ba7-a9d8-506e-b7ad-010fcdc72c85','2026-03-19',2.00,'2fd0a02e-a1ce-56b3-8e11-5e93dcc1a578','Service note 18');
INSERT INTO public."ServiceInteraction"("ServiceInteractionID","ClientID","ProgramID","InteractionDate","Units","CreatedByUserID","Notes") VALUES ('bd800708-8d26-5d1f-b857-4b0e2594c6c7','8bdf7adf-e6b7-53b0-995a-ee4a48431e54','0407162f-7305-560f-b69e-15cbe71e4ab3','2026-03-20',2.50,'c83e18dd-78e7-5b2f-a861-cd4144abcab4','Service note 19');
INSERT INTO public."ServiceInteraction"("ServiceInteractionID","ClientID","ProgramID","InteractionDate","Units","CreatedByUserID","Notes") VALUES ('79ce267c-77e9-5193-badc-143e5392140a','39ec7308-2850-56b9-9904-406c64686f83','d5b1af2d-50be-586f-8f0e-55e91211ae7e','2026-03-21',0.50,'7c516c1d-caef-5910-ba7e-6485e2b7814d','Service note 20');
INSERT INTO public."ServiceInteraction"("ServiceInteractionID","ClientID","ProgramID","InteractionDate","Units","CreatedByUserID","Notes") VALUES ('afe74846-6f37-5062-a3c6-8cc1fb1f136d','a4e836a4-23ec-5c18-b181-526d38120406','df0992c1-f735-59ad-abe3-d49741370c36','2026-03-22',1.00,'f3fd07bb-bcce-5221-acfc-9c4b47bfb503','Service note 21');
INSERT INTO public."ServiceInteraction"("ServiceInteractionID","ClientID","ProgramID","InteractionDate","Units","CreatedByUserID","Notes") VALUES ('f5858560-2a05-5b24-b395-dcd4535c333c','50dfc19e-600d-5b6c-9c89-4569854db470','9a5f6bd6-f3f7-5a7a-8450-ce8de93188d7','2026-03-23',1.50,'baa8e5dc-51ce-52d7-afc6-7b11717b1c3c','Service note 22');
INSERT INTO public."ServiceInteraction"("ServiceInteractionID","ClientID","ProgramID","InteractionDate","Units","CreatedByUserID","Notes") VALUES ('6c33e572-112d-5b56-8e4e-2214456a984e','b60b742d-ac0e-54bb-b6cc-ab9909927875','409951af-959a-5585-9a55-23e3bc059e6f','2026-03-24',2.00,'d35a2a2a-d1d1-55ed-90a7-348c3da59deb','Service note 23');
INSERT INTO public."ServiceInteraction"("ServiceInteractionID","ClientID","ProgramID","InteractionDate","Units","CreatedByUserID","Notes") VALUES ('87683d1c-ea2e-5207-81bd-50d12fb86cbf','ce38173e-1d9a-5cbc-8a4a-26a38f99670a','c912af11-44da-5605-9a67-b1039add54dd','2026-03-25',2.50,'1e5f1a27-4c4e-5b84-b4dd-5227b40c755d','Service note 24');
INSERT INTO public."ServiceInteraction"("ServiceInteractionID","ClientID","ProgramID","InteractionDate","Units","CreatedByUserID","Notes") VALUES ('126ffa2b-c757-5c05-81b7-ee7e7162c59f','9bae9bb9-54b0-513d-8813-0d6786aac28a','5517afc7-93de-5a5e-b8d2-0c2c87bfb9ff','2026-03-26',0.50,'8e366a8d-6e18-50fd-98d9-2efd6d246b24','Service note 25');

-- CaseNote (25)
INSERT INTO public."CaseNote"("CaseNoteID","ClientID","AuthorUserID","NoteText","NoteDate","Visibility") VALUES ('30c5c1ab-b3ed-5fbe-b6e3-ad7f555e9db2','283d2513-4bd7-559c-a204-1e607d6b1bd9','5d7e3982-b4cf-5ca6-9734-744833b910a3','Case note text 01 for client.','2026-03-02 09:00:00','Internal');
INSERT INTO public."CaseNote"("CaseNoteID","ClientID","AuthorUserID","NoteText","NoteDate","Visibility") VALUES ('4ba21075-adef-5f9c-931d-122ebe63c21c','e5950c47-4510-5e11-83fc-357f31acc58f','933a1a70-8683-5fea-8b3c-02459adb5f31','Case note text 02 for client.','2026-03-03 09:00:00','Staff');
INSERT INTO public."CaseNote"("CaseNoteID","ClientID","AuthorUserID","NoteText","NoteDate","Visibility") VALUES ('261f9daf-dd12-51de-8804-c71588c67b26','f04d5670-633b-5080-8c28-b3e81c657c6f','52388865-df5d-5f46-8df6-034d113e9391','Case note text 03 for client.','2026-03-04 09:00:00','Restricted');
INSERT INTO public."CaseNote"("CaseNoteID","ClientID","AuthorUserID","NoteText","NoteDate","Visibility") VALUES ('ece84c20-83a4-5cb6-96c1-6a44906436a3','f246e1f8-ccaf-5f04-b339-1c950793b994','a710b314-b7cc-51d3-97ed-52f7aedba4c0','Case note text 04 for client.','2026-03-05 09:00:00','Internal');
INSERT INTO public."CaseNote"("CaseNoteID","ClientID","AuthorUserID","NoteText","NoteDate","Visibility") VALUES ('fddca3a6-26a7-5550-8674-97f6ceee7d5c','dd8cdab2-1426-5a56-9f3a-e6084149f0be','3ee066f5-64b0-5b81-b4fc-d8f8ede23ed0','Case note text 05 for client.','2026-03-06 09:00:00','Staff');
INSERT INTO public."CaseNote"("CaseNoteID","ClientID","AuthorUserID","NoteText","NoteDate","Visibility") VALUES ('4a4e6406-2313-57d9-9c53-80f296418c3d','574a2f1c-b4dc-5685-bc9d-de18948d9c05','271814b9-df4f-5305-9347-898e83e672dc','Case note text 06 for client.','2026-03-07 09:00:00','Restricted');
INSERT INTO public."CaseNote"("CaseNoteID","ClientID","AuthorUserID","NoteText","NoteDate","Visibility") VALUES ('1b249b07-45d8-506d-b2f1-67b85bdb5c4a','1ee36b02-91e2-5414-80c9-bb35c3d877df','4025932a-8150-5165-bec3-726ec0f47e30','Case note text 07 for client.','2026-03-08 09:00:00','Internal');
INSERT INTO public."CaseNote"("CaseNoteID","ClientID","AuthorUserID","NoteText","NoteDate","Visibility") VALUES ('bf116169-5bb4-5b79-9556-a5b9c9e29225','f23d7612-4f56-540a-8422-63c4774fbb07','39ee98d1-7b3e-5a28-ba39-01ed2143fe0c','Case note text 08 for client.','2026-03-09 09:00:00','Staff');
INSERT INTO public."CaseNote"("CaseNoteID","ClientID","AuthorUserID","NoteText","NoteDate","Visibility") VALUES ('58732377-f8aa-56f6-b4f9-a82be46a67e9','109b1979-f50b-59e6-ba85-f3dc7348946c','bf64b951-8954-58bf-8ec9-1f194c017fe8','Case note text 09 for client.','2026-03-10 09:00:00','Restricted');
INSERT INTO public."CaseNote"("CaseNoteID","ClientID","AuthorUserID","NoteText","NoteDate","Visibility") VALUES ('29ddeb29-550a-5872-8cd7-1be831c5e6c2','5779c3ba-ab23-5808-8c21-ce6e8de612a7','26ab961d-925c-5bc7-9ec5-ae404a745994','Case note text 10 for client.','2026-03-11 09:00:00','Internal');
INSERT INTO public."CaseNote"("CaseNoteID","ClientID","AuthorUserID","NoteText","NoteDate","Visibility") VALUES ('c1d317f5-7670-5328-9be2-31e8e5150358','b3d02ccf-1628-5246-b855-d8258a10f335','3e7f0120-56df-5222-a8cb-a2fd1503ce12','Case note text 11 for client.','2026-03-12 09:00:00','Staff');
INSERT INTO public."CaseNote"("CaseNoteID","ClientID","AuthorUserID","NoteText","NoteDate","Visibility") VALUES ('da129b62-f5ac-5d6c-8f92-e2b864cf48cd','4d4a44b5-a743-52c1-aba3-331e84413ae3','8832e9ea-50d2-51bd-b830-f9b00ba05c0d','Case note text 12 for client.','2026-03-13 09:00:00','Restricted');
INSERT INTO public."CaseNote"("CaseNoteID","ClientID","AuthorUserID","NoteText","NoteDate","Visibility") VALUES ('ffcb52f2-75a6-5a5e-9050-6543cc2fe72d','5e28d35c-d836-59d7-9687-b60e770bdd5a','3bb888f3-2438-5063-9ccd-da15bbd1f77a','Case note text 13 for client.','2026-03-14 09:00:00','Internal');
INSERT INTO public."CaseNote"("CaseNoteID","ClientID","AuthorUserID","NoteText","NoteDate","Visibility") VALUES ('4ea7fb8b-7e98-5e62-8abc-7544641e1b5b','706255d4-807c-5afc-8bb7-783a7907d699','7b1c4501-a453-5d5e-964d-c2067b69e22b','Case note text 14 for client.','2026-03-15 09:00:00','Staff');
INSERT INTO public."CaseNote"("CaseNoteID","ClientID","AuthorUserID","NoteText","NoteDate","Visibility") VALUES ('8e963aef-fcd7-5248-acd7-c8c0b93805b6','2af319c1-215d-5a7d-ad81-af672ba65c4e','236eebf6-c1d8-59c9-8b94-e411fe443fe2','Case note text 15 for client.','2026-03-16 09:00:00','Restricted');
INSERT INTO public."CaseNote"("CaseNoteID","ClientID","AuthorUserID","NoteText","NoteDate","Visibility") VALUES ('130761c4-2f20-5ad2-a5ef-0ec768971a88','db6518c6-3fe0-5455-94b6-d9bda0ce7940','2fd0a02e-a1ce-56b3-8e11-5e93dcc1a578','Case note text 16 for client.','2026-03-17 09:00:00','Internal');
INSERT INTO public."CaseNote"("CaseNoteID","ClientID","AuthorUserID","NoteText","NoteDate","Visibility") VALUES ('3879e9e4-1c9f-5869-91e5-a540324f5c3f','6ca8b594-7f28-5090-8197-29b8c910c1bd','c83e18dd-78e7-5b2f-a861-cd4144abcab4','Case note text 17 for client.','2026-03-18 09:00:00','Staff');
INSERT INTO public."CaseNote"("CaseNoteID","ClientID","AuthorUserID","NoteText","NoteDate","Visibility") VALUES ('63ee95b5-34d9-5e66-b7b7-547cb6e4f3d6','a190b2e1-1cad-5904-a599-b207f8cddebf','7c516c1d-caef-5910-ba7e-6485e2b7814d','Case note text 18 for client.','2026-03-19 09:00:00','Restricted');
INSERT INTO public."CaseNote"("CaseNoteID","ClientID","AuthorUserID","NoteText","NoteDate","Visibility") VALUES ('c6449685-8f29-5cff-bb43-d7cb3eda60d8','8bdf7adf-e6b7-53b0-995a-ee4a48431e54','f3fd07bb-bcce-5221-acfc-9c4b47bfb503','Case note text 19 for client.','2026-03-20 09:00:00','Internal');
INSERT INTO public."CaseNote"("CaseNoteID","ClientID","AuthorUserID","NoteText","NoteDate","Visibility") VALUES ('6138ab4a-48b0-5c04-ad1c-2f692ee7ffce','39ec7308-2850-56b9-9904-406c64686f83','baa8e5dc-51ce-52d7-afc6-7b11717b1c3c','Case note text 20 for client.','2026-03-21 09:00:00','Staff');
INSERT INTO public."CaseNote"("CaseNoteID","ClientID","AuthorUserID","NoteText","NoteDate","Visibility") VALUES ('0674d97d-8bb7-5cf1-881e-8baa5299a887','a4e836a4-23ec-5c18-b181-526d38120406','d35a2a2a-d1d1-55ed-90a7-348c3da59deb','Case note text 21 for client.','2026-03-22 09:00:00','Restricted');
INSERT INTO public."CaseNote"("CaseNoteID","ClientID","AuthorUserID","NoteText","NoteDate","Visibility") VALUES ('c55ea3be-b76e-56e7-aeed-33582556722c','50dfc19e-600d-5b6c-9c89-4569854db470','1e5f1a27-4c4e-5b84-b4dd-5227b40c755d','Case note text 22 for client.','2026-03-23 09:00:00','Internal');
INSERT INTO public."CaseNote"("CaseNoteID","ClientID","AuthorUserID","NoteText","NoteDate","Visibility") VALUES ('2cc25713-3e5e-515e-801e-5387877e89d8','b60b742d-ac0e-54bb-b6cc-ab9909927875','8e366a8d-6e18-50fd-98d9-2efd6d246b24','Case note text 23 for client.','2026-03-24 09:00:00','Staff');
INSERT INTO public."CaseNote"("CaseNoteID","ClientID","AuthorUserID","NoteText","NoteDate","Visibility") VALUES ('05191867-50c2-5160-a707-888b611e3e97','ce38173e-1d9a-5cbc-8a4a-26a38f99670a','dbc080c1-f33d-5a36-8bd2-68fb0d20f0db','Case note text 24 for client.','2026-03-25 09:00:00','Restricted');
INSERT INTO public."CaseNote"("CaseNoteID","ClientID","AuthorUserID","NoteText","NoteDate","Visibility") VALUES ('dc043780-249b-5327-a753-c7deaf09c39c','9bae9bb9-54b0-513d-8813-0d6786aac28a','01235d01-f261-55ab-b63d-d2a10cad9e11','Case note text 25 for client.','2026-03-26 09:00:00','Internal');

-- InventoryTransaction (25)
INSERT INTO public."InventoryTransaction"("TxnID","ItemID","TxnType","Quantity","LotNumber","ExpirationDate","PerformedByUserID","TxnDate","Notes") VALUES ('fc2ac9ac-5587-58a4-a008-f2f796620d25','06dbfd4d-7bbf-5a32-9355-531909a61ca2','RECEIPT',3.50,NULL,NULL,'52388865-df5d-5f46-8df6-034d113e9391','2026-03-01 11:00:00','Transaction 01');
INSERT INTO public."InventoryTransaction"("TxnID","ItemID","TxnType","Quantity","LotNumber","ExpirationDate","PerformedByUserID","TxnDate","Notes") VALUES ('cb31402d-ebf8-5cf0-abae-2bf9a1d30dde','9f2ebd4d-c979-579f-a41c-372f3898e343','ISSUE',6.00,NULL,NULL,'a710b314-b7cc-51d3-97ed-52f7aedba4c0','2026-03-01 12:00:00','Transaction 02');
INSERT INTO public."InventoryTransaction"("TxnID","ItemID","TxnType","Quantity","LotNumber","ExpirationDate","PerformedByUserID","TxnDate","Notes") VALUES ('9b46003f-f34d-5af9-960c-ca429f441ddc','0528a45e-e2c8-594b-917a-6a600bc274b6','ADJUSTMENT',8.50,NULL,NULL,'3ee066f5-64b0-5b81-b4fc-d8f8ede23ed0','2026-03-01 13:00:00','Transaction 03');
INSERT INTO public."InventoryTransaction"("TxnID","ItemID","TxnType","Quantity","LotNumber","ExpirationDate","PerformedByUserID","TxnDate","Notes") VALUES ('8d8285e6-f2e4-5c92-b4cc-0001af00d9fd','4c992a71-6e5e-5c6c-8830-9c7abb552b2b','RECEIPT',11.00,'LOT-104A','2026-05-04','271814b9-df4f-5305-9347-898e83e672dc','2026-03-01 14:00:00','Transaction 04');
INSERT INTO public."InventoryTransaction"("TxnID","ItemID","TxnType","Quantity","LotNumber","ExpirationDate","PerformedByUserID","TxnDate","Notes") VALUES ('afc5692c-f54e-5e0a-8755-e540ff901232','e0edfa52-d4c8-519a-b8da-95fc3c644bd2','ISSUE',13.50,NULL,NULL,'4025932a-8150-5165-bec3-726ec0f47e30','2026-03-01 15:00:00','Transaction 05');
INSERT INTO public."InventoryTransaction"("TxnID","ItemID","TxnType","Quantity","LotNumber","ExpirationDate","PerformedByUserID","TxnDate","Notes") VALUES ('cd5510fb-2084-5fc0-945b-adee40f45c02','28e5ba7f-8eea-598c-9b17-cb1345303297','ADJUSTMENT',16.00,NULL,NULL,'39ee98d1-7b3e-5a28-ba39-01ed2143fe0c','2026-03-01 16:00:00','Transaction 06');
INSERT INTO public."InventoryTransaction"("TxnID","ItemID","TxnType","Quantity","LotNumber","ExpirationDate","PerformedByUserID","TxnDate","Notes") VALUES ('bd4b9d55-38bc-5299-a94e-65c2f2ba7e83','7d310364-452a-5933-bd6d-473e7dc3cace','RECEIPT',18.50,NULL,NULL,'bf64b951-8954-58bf-8ec9-1f194c017fe8','2026-03-01 17:00:00','Transaction 07');
INSERT INTO public."InventoryTransaction"("TxnID","ItemID","TxnType","Quantity","LotNumber","ExpirationDate","PerformedByUserID","TxnDate","Notes") VALUES ('89ff08ab-d891-542c-a106-9dd1c1f28f45','ef37deb4-6ca8-545c-b7a1-59913191ed99','ISSUE',21.00,NULL,NULL,'26ab961d-925c-5bc7-9ec5-ae404a745994','2026-03-01 18:00:00','Transaction 08');
INSERT INTO public."InventoryTransaction"("TxnID","ItemID","TxnType","Quantity","LotNumber","ExpirationDate","PerformedByUserID","TxnDate","Notes") VALUES ('fa3836f4-e578-5184-ab0b-480082987551','ff63d45f-d447-5b42-8532-76bc411dd63b','ADJUSTMENT',23.50,NULL,NULL,'3e7f0120-56df-5222-a8cb-a2fd1503ce12','2026-03-01 19:00:00','Transaction 09');
INSERT INTO public."InventoryTransaction"("TxnID","ItemID","TxnType","Quantity","LotNumber","ExpirationDate","PerformedByUserID","TxnDate","Notes") VALUES ('d9ffeed2-1f3b-5aff-9871-0566d6c1f0e3','937537ca-efbd-5a44-8517-bd4d8f3f4295','RECEIPT',1.00,'LOT-110A','2026-11-10','8832e9ea-50d2-51bd-b830-f9b00ba05c0d','2026-03-01 20:00:00','Transaction 10');
INSERT INTO public."InventoryTransaction"("TxnID","ItemID","TxnType","Quantity","LotNumber","ExpirationDate","PerformedByUserID","TxnDate","Notes") VALUES ('25b045cd-a02a-5098-ae29-ace1ee298b30','25fa7ffa-d530-519f-b41b-885bd6fb4e58','ISSUE',3.50,NULL,NULL,'3bb888f3-2438-5063-9ccd-da15bbd1f77a','2026-03-01 21:00:00','Transaction 11');
INSERT INTO public."InventoryTransaction"("TxnID","ItemID","TxnType","Quantity","LotNumber","ExpirationDate","PerformedByUserID","TxnDate","Notes") VALUES ('4bb7a718-a6fd-516f-ada2-8c314517fa98','45b77e75-f7d3-50d8-89c1-0e4b3f739c64','ADJUSTMENT',6.00,NULL,NULL,'7b1c4501-a453-5d5e-964d-c2067b69e22b','2026-03-01 22:00:00','Transaction 12');
INSERT INTO public."InventoryTransaction"("TxnID","ItemID","TxnType","Quantity","LotNumber","ExpirationDate","PerformedByUserID","TxnDate","Notes") VALUES ('30387fb2-ee1f-5ef6-af75-23c69dbbc144','94fec7c2-e4db-5e8c-9eb2-78abf8c441fe','RECEIPT',8.50,NULL,NULL,'236eebf6-c1d8-59c9-8b94-e411fe443fe2','2026-03-01 23:00:00','Transaction 13');
INSERT INTO public."InventoryTransaction"("TxnID","ItemID","TxnType","Quantity","LotNumber","ExpirationDate","PerformedByUserID","TxnDate","Notes") VALUES ('c20f53c1-7c02-5026-afc3-6c603c1d752f','07613688-8351-564f-af93-3141415fb63b','ISSUE',11.00,NULL,NULL,'2fd0a02e-a1ce-56b3-8e11-5e93dcc1a578','2026-03-02 00:00:00','Transaction 14');
INSERT INTO public."InventoryTransaction"("TxnID","ItemID","TxnType","Quantity","LotNumber","ExpirationDate","PerformedByUserID","TxnDate","Notes") VALUES ('a59971f6-65d6-5b34-9f30-682b40380d59','241aa9d8-3c48-5835-afda-7af895f95925','ADJUSTMENT',13.50,NULL,NULL,'c83e18dd-78e7-5b2f-a861-cd4144abcab4','2026-03-02 01:00:00','Transaction 15');
INSERT INTO public."InventoryTransaction"("TxnID","ItemID","TxnType","Quantity","LotNumber","ExpirationDate","PerformedByUserID","TxnDate","Notes") VALUES ('c127777c-ab63-5354-b1fa-b6b8100609e4','33d96e43-a062-5ce4-a380-c8c104367ca7','RECEIPT',16.00,'LOT-116A','2026-05-16','7c516c1d-caef-5910-ba7e-6485e2b7814d','2026-03-02 02:00:00','Transaction 16');
INSERT INTO public."InventoryTransaction"("TxnID","ItemID","TxnType","Quantity","LotNumber","ExpirationDate","PerformedByUserID","TxnDate","Notes") VALUES ('01cccfe0-203c-5433-993b-ee41b9a6fbe5','9ff48ce1-ade1-541a-899b-2038ca96925f','ISSUE',18.50,NULL,NULL,'f3fd07bb-bcce-5221-acfc-9c4b47bfb503','2026-03-02 03:00:00','Transaction 17');
INSERT INTO public."InventoryTransaction"("TxnID","ItemID","TxnType","Quantity","LotNumber","ExpirationDate","PerformedByUserID","TxnDate","Notes") VALUES ('a6ca17ba-bed9-54f8-8b10-71039e01c3a8','6658e39d-c2d2-5164-962e-ab1d2f74cf13','ADJUSTMENT',21.00,NULL,NULL,'baa8e5dc-51ce-52d7-afc6-7b11717b1c3c','2026-03-02 04:00:00','Transaction 18');
INSERT INTO public."InventoryTransaction"("TxnID","ItemID","TxnType","Quantity","LotNumber","ExpirationDate","PerformedByUserID","TxnDate","Notes") VALUES ('a6747b41-f078-5337-9406-f6074130ad49','3be616e6-32cb-597b-88e0-9581a387d75b','RECEIPT',23.50,NULL,NULL,'d35a2a2a-d1d1-55ed-90a7-348c3da59deb','2026-03-02 05:00:00','Transaction 19');
INSERT INTO public."InventoryTransaction"("TxnID","ItemID","TxnType","Quantity","LotNumber","ExpirationDate","PerformedByUserID","TxnDate","Notes") VALUES ('9cecf145-8e26-5ee1-91b9-a452237b317b','0d724ce5-ed63-5682-a938-5c74bd216880','ISSUE',1.00,NULL,NULL,'1e5f1a27-4c4e-5b84-b4dd-5227b40c755d','2026-03-02 06:00:00','Transaction 20');
INSERT INTO public."InventoryTransaction"("TxnID","ItemID","TxnType","Quantity","LotNumber","ExpirationDate","PerformedByUserID","TxnDate","Notes") VALUES ('430e800b-768a-5be8-9931-fcafc082d1b4','d991cc17-835e-5957-8ad7-91fcd355f8d8','ADJUSTMENT',3.50,NULL,NULL,'8e366a8d-6e18-50fd-98d9-2efd6d246b24','2026-03-02 07:00:00','Transaction 21');
INSERT INTO public."InventoryTransaction"("TxnID","ItemID","TxnType","Quantity","LotNumber","ExpirationDate","PerformedByUserID","TxnDate","Notes") VALUES ('41390517-9a69-5a8c-bce4-b02f3baead32','d5b74f4b-f316-5975-b833-720bf88c9417','RECEIPT',6.00,'LOT-122A','2026-11-22','dbc080c1-f33d-5a36-8bd2-68fb0d20f0db','2026-03-02 08:00:00','Transaction 22');
INSERT INTO public."InventoryTransaction"("TxnID","ItemID","TxnType","Quantity","LotNumber","ExpirationDate","PerformedByUserID","TxnDate","Notes") VALUES ('a178ae41-4229-521e-b242-89c4ad436004','66aa2be8-3218-5774-a268-cfad0f3ef44d','ISSUE',8.50,NULL,NULL,'01235d01-f261-55ab-b63d-d2a10cad9e11','2026-03-02 09:00:00','Transaction 23');
INSERT INTO public."InventoryTransaction"("TxnID","ItemID","TxnType","Quantity","LotNumber","ExpirationDate","PerformedByUserID","TxnDate","Notes") VALUES ('ad0bb04c-3c50-5341-a6ff-ffb58f167668','e74cf48d-8659-5c04-b454-147d68fa1ce3','ADJUSTMENT',11.00,NULL,NULL,'5d7e3982-b4cf-5ca6-9734-744833b910a3','2026-03-02 10:00:00','Transaction 24');
INSERT INTO public."InventoryTransaction"("TxnID","ItemID","TxnType","Quantity","LotNumber","ExpirationDate","PerformedByUserID","TxnDate","Notes") VALUES ('2093e208-567d-5587-b02f-8eb2aa172940','9cf31e02-869c-51e9-b116-da9e04b02bde','RECEIPT',13.50,NULL,NULL,'933a1a70-8683-5fea-8b3c-02459adb5f31','2026-03-02 11:00:00','Transaction 25');
